region,revenue,share_pct
West,27237522.88,26.84682778216423
North,25271534.94,24.909039978202525
East,21831105.86,21.51796042172306
South,16394186.01,16.159027763953404
Central,10720925.03,10.567144053956783
