category,revenue,profit,margin_pct
Electronics,59432539.33,14002182.45,23.55979166942992
Home,15618994.03,5709967.53,36.55784437226013
Fashion,10466793.73,4350066.84,41.560643614594284
Sports,9324838.3,3688744.41,39.55826676372501
Beauty,4050194.76,2047829.35,50.561256219688566
Grocery,2561914.57,706014.56,27.558083640548563
