product_name,revenue,contribution_pct
E-Flagship-Phone,10465230.06,10.315116773260264
E-Ultrabook,7035612.16,6.9346933211872335
E-Gaming-Laptop,5210829.21,5.136085062487917
E-ANC-Headset,4403993.77,4.340822872102317
H-Air-Fryer,2812074.32,2.7717379187635793
F-Urban-Sneaker,1866537.71,1.8397640883151118
H-Ergo-Chair,1855504.01,1.8288886557361246
S-Smartwatch,1652157.69,1.628459135870151
H-Robot-Vacuum,1376580.17,1.3568345005216698
F-Denim-Classic,1245373.37,1.2275097311963596
